Workbook

Sheet RBAC
A1: Download this file and modify your copy only
A2: ALL YELLOW CELLS ARE MANDATORY | D2: ALL YELLOW CELLS ARE MANDATORY | K2: ALL YELLOW CELLS ARE MANDATORY
A3: RITM | B3: RITM7831632 | D3: Role | E3: Role Description | F3: Role Approver 1 | H3: Role Approver 2 | K3: Developer (s)
A4: AIDE_ID | B4: AIDE_0094185 | D4: USER | E4: Report Viewer | F4: 001016307 | G4: nkelly13 | H4: 001939347 | I4: rbhatt27 | K4: asahoo44
A5: AIDE NAME | B5: Intelligent Auth Accel | D5: OPTIONAL - ADDITIONAL ROLES | K5: pdugar1
A6: AIDE DESCRIPTION | B6: Power BI Workspace for Digital Prior Authorization | D6: ROLE1 | E6: ="[" & D6&" Description]" -> [ROLE1 Description] | F6: EmployeeID1 | G6: MS ID1 | H6: EmployeeID2 | I6: MS ID2 | K6: vharini4
A7: ServiceNow Group | B7: AIDE_0094185_IntelligentAuthAccel_PowerBI | D7: ROLE2 | E7: ="[" & D7&" Description]" -> [ROLE2 Description] | F7: EmployeeID1 | G7: MS ID1 | H7: EmployeeID2 | I7: MS ID2
A8: Email Distribution | B8: DPA_PowerBI_Management | D8: ROLE3 | E8: ="[" & D8&" Description]" -> [ROLE3 Description] | F8: EmployeeID1 | G8: MS ID1 | H8: EmployeeID2 | I8: MS ID2 | K8: mreddysa
A9: Application Owner | B9: nkelly13 | D9: ROLE4 | E9: ="[" & D9&" Description]" -> [ROLE4 Description] | F9: EmployeeID1 | G9: MS ID1 | H9: EmployeeID2 | I9: MS ID2 | K9: rkisho11
A10: Application Approver 1 | B10: nkelly13 | D10: ROLE5 | E10: ="[" & D10&" Description]" -> [ROLE5 Description] | F10: EmployeeID1 | G10: MS ID1 | H10: EmployeeID2 | I10: MS ID2 | K10: ="[MS ID]" -> [MS ID]
A11: Application Approver 2 | B11: rbhatt27 | D11: ROLE6 | E11: ="[" & D11&" Description]" -> [ROLE6 Description] | F11: EmployeeID1 | G11: MS ID1 | H11: EmployeeID2 | I11: MS ID2 | K11: ="[MS ID]" -> [MS ID]
A12: Do you need Test Env? | B12: Y | D12: ROLE7 | E12: ="[" & D12&" Description]" -> [ROLE7 Description] | F12: EmployeeID1 | G12: MS ID1 | H12: EmployeeID2 | I12: MS ID2 | K12: ="[MS ID]" -> [MS ID]
A13: Do you need Extra Roles? | B13: N | D13: ROLE8 | E13: ="[" & D13&" Description]" -> [ROLE8 Description] | F13: EmployeeID1 | G13: MS ID1 | H13: EmployeeID2 | I13: MS ID2 | K13: ="[MS ID]" -> [MS ID]
D14: ROLE9 | E14: ="[" & D14&" Description]" -> [ROLE9 Description] | F14: EmployeeID1 | G14: MS ID1 | H14: EmployeeID2 | I14: MS ID2 | K14: ="[MS ID]" -> [MS ID]
A15: Production | B15: p100 | D15: ROLE10 | E15: ="[" & D15&" Description]" -> [ROLE10 Description] | F15: EmployeeID1 | G15: MS ID1 | H15: EmployeeID2 | I15: MS ID2 | K15: ="[MS ID]" -> [MS ID]
A16: Non-Prod | B16: p800 | D16: ROLE11 | E16: ="[" & D16&" Description]" -> [ROLE11 Description] | F16: EmployeeID1 | G16: MS ID1 | H16: EmployeeID2 | I16: MS ID2 | K16: ="[MS ID]" -> [MS ID]
A21: ==========================================================================
A22: DO NOT USE
A25: Global Group Owner | B25: 000600448 | C25: nanand1
A26: Global Group Approver 1 | B26: 000714540 | C26: vkong
A27: Global Group Approver 2 | B27: 001351306 | C27: jjorge6
A28: Global Group Fabric Approver 1 | B28: 000714540 | C28: vkong
A29: Global Group Fabric Approver 2 | B29: 000750692 | C29: mcruz39

Sheet ORBIT_Use_Only
A1: SECURE SELF-SERVICE | J1: Workspace | K1: Global Group
A2: Application Name | B2: Environment | C2: Application Owner | D2: Application Approver 1 | E2: Application Approver 2 | F2: Category | G2: Role Name | H2: Role Approver 1 | I2: Role Approver 2 | J2: Workspace ID | K2: Global Group Name | L2: Global Group Description | M2: Global Group Owner | N2: Global Group Approver 1 | O2: Global Group Approver 2 | P2: Global Group Rights
A3: =RBAC!B5 & " (" & RBAC!B4 & ") (ORBIT Fabric)" -> Intelligent Auth Accel (AIDE_0094185) (ORBIT Fabric) | B3: PRODUCTION | C3: =RBAC!B9 -> nkelly13 | D3: =RBAC!B10 -> nkelly13 | E3: =RBAC!B11 -> rbhatt27 | F3: User | G3: Report Viewer | H3: =RBAC!G4 -> nkelly13 | I3: =RBAC!I4 -> rbhatt27 | J3: 1 | K3: ="AZU_ORBIT_FABRIC_" &TRIM(RBAC!B4)&"_REPORT_USER_PROD" -> AZU_ORBIT_FABRIC_AIDE_0094185_REPORT_USER_PROD | L3: =TRIM(RBAC!B4) & " " & TRIM(RBAC!B5) & " Group who will VIEW REPORTS in ORBIT Fabric. Note: RESTRICTED ACCESS." -> AIDE_0094185 Intelligent Auth Accel Group who will VIEW REPORTS in ORBIT Fabric. Note: RESTRICTED ACCESS. | M3: =RBAC!B25 -> 000600448 | N3: =RBAC!F4 -> 001016307 | O3: =RBAC!H4 -> 001939347 | P3: User
F4: IT Report | G4: Owner | H4: =RBAC!G4 -> nkelly13 | I4: =RBAC!I4 -> rbhatt27 | J4: 1 | K4: ="AZU_ORBIT_FABRIC_" &TRIM(RBAC!B4)&"_REPORT_OWNER" -> AZU_ORBIT_FABRIC_AIDE_0094185_REPORT_OWNER | L4: =TRIM(RBAC!B4) & " " & TRIM(RBAC!B5) & " Group who will be the application OWNER in ORBIT Fabric. Note: RESTRICTED ACCESS. Max 3." -> AIDE_0094185 Intelligent Auth Accel Group who will be the application OWNER in ORBIT Fabric. Note: RESTRICTED ACCESS. Max 3. | M4: =RBAC!B25 -> 000600448 | N4: =RBAC!B26 -> 000714540 | O4: =RBAC!B27 -> 001351306 | P4: Contributor
G5: Report Developer | H5: =RBAC!C26 -> vkong | I5: =RBAC!C27 -> jjorge6 | J5: 1 | K5: ="AZU_ORBIT_FABRIC_" &TRIM(RBAC!B4)&"_REPORT_DEVELOPER_PROD" -> AZU_ORBIT_FABRIC_AIDE_0094185_REPORT_DEVELOPER_PROD | L5: =TRIM(RBAC!B4) & " " & TRIM(RBAC!B5) & " Group who will PUBLISH REPORTS in ORBIT Fabric. Note: RESTRICTED ACCESS." -> AIDE_0094185 Intelligent Auth Accel Group who will PUBLISH REPORTS in ORBIT Fabric. Note: RESTRICTED ACCESS. | M5: =RBAC!B25 -> 000600448 | N5: =RBAC!B26 -> 000714540 | O5: =RBAC!B27 -> 001351306 | P5: Contributor
F6: IT Fabric (Restricted - Requires Approval) | G6: Fabric Developer | H6: =RBAC!C28 -> vkong | I6: =RBAC!C29 -> mcruz39 | J6: 1F | K6: ="AZU_ORBIT_FABRIC_" &TRIM(RBAC!B4)&"_FABRIC_DEVELOPER_PROD" -> AZU_ORBIT_FABRIC_AIDE_0094185_FABRIC_DEVELOPER_PROD | L6: =TRIM(RBAC!B4) & " " & TRIM(RBAC!B5) & " Group who will DEVELOP FABRIC ITEMS in ORBIT Fabric. Note: RESTRICTED ACCESS." -> AIDE_0094185 Intelligent Auth Accel Group who will DEVELOP FABRIC ITEMS in ORBIT Fabric. Note: RESTRICTED ACCESS. | M6: =RBAC!B25 -> 000600448 | N6: =RBAC!B28 -> 000714540 | O6: =RBAC!B29 -> 000750692 | P6: Contributor
B7: DEVELOPMENT | C7: =RBAC!B9 -> nkelly13 | D7: =RBAC!B10 -> nkelly13 | E7: =RBAC!B11 -> rbhatt27 | F7: User | G7: Report Viewer | H7: =RBAC!G4 -> nkelly13 | I7: =RBAC!I4 -> rbhatt27 | J7: 2 | K7: ="AZU_ORBIT_FABRIC_" &TRIM(RBAC!B4)&"_REPORT_USER_DEV" -> AZU_ORBIT_FABRIC_AIDE_0094185_REPORT_USER_DEV | L7: =TRIM(RBAC!B4) & " " & TRIM(RBAC!B5) & " Group who will VIEW REPORTS in ORBIT Fabric. Note: RESTRICTED ACCESS." -> AIDE_0094185 Intelligent Auth Accel Group who will VIEW REPORTS in ORBIT Fabric. Note: RESTRICTED ACCESS. | M7: =RBAC!B25 -> 000600448 | N7: =RBAC!F4 -> 001016307 | O7: =RBAC!H4 -> 001939347 | P7: User
F8: IT Report | G8: Report Developer | H8: =RBAC!C26 -> vkong | I8: =RBAC!C27 -> jjorge6 | J8: 2 | K8: ="AZU_ORBIT_FABRIC_" &TRIM(RBAC!B4)&"_REPORT_DEVELOPER_DEV" -> AZU_ORBIT_FABRIC_AIDE_0094185_REPORT_DEVELOPER_DEV | L8: =TRIM(RBAC!B4) & " " & TRIM(RBAC!B5) & " Group who will PUBLISH REPORTS in ORBIT Fabric. Note: RESTRICTED ACCESS." -> AIDE_0094185 Intelligent Auth Accel Group who will PUBLISH REPORTS in ORBIT Fabric. Note: RESTRICTED ACCESS. | M8: =RBAC!B25 -> 000600448 | N8: =RBAC!B26 -> 000714540 | O8: =RBAC!B27 -> 001351306 | P8: Contributor
F9: IT Fabric (Restricted - Requires Approval) | G9: Fabric Developer | H9: =RBAC!C28 -> vkong | I9: =RBAC!C29 -> mcruz39 | J9: 2F | K9: ="AZU_ORBIT_FABRIC_" &TRIM(RBAC!B4)&"_FABRIC_DEVELOPER_DEV" -> AZU_ORBIT_FABRIC_AIDE_0094185_FABRIC_DEVELOPER_DEV | L9: =TRIM(RBAC!B4) & " " & TRIM(RBAC!B5) & " Group who will DEVELOP FABRIC ITEMS in ORBIT Fabric. Note: RESTRICTED ACCESS." -> AIDE_0094185 Intelligent Auth Accel Group who will DEVELOP FABRIC ITEMS in ORBIT Fabric. Note: RESTRICTED ACCESS. | M9: =RBAC!B25 -> 000600448 | N9: =RBAC!B28 -> 000714540 | O9: =RBAC!B29 -> 000750692 | P9: Contributor
B10: TEST (*Optional) | C10: =RBAC!B9 -> nkelly13 | D10: =RBAC!B10 -> nkelly13 | E10: =RBAC!B11 -> rbhatt27 | F10: User | G10: Report Viewer | H10: =RBAC!G4 -> nkelly13 | I10: =RBAC!I4 -> rbhatt27 | J10: =IF(RBAC!B12="N", "OPTIONAL", 3) -> 3 | K10: ="AZU_ORBIT_FABRIC_" &TRIM(RBAC!B4)&"_REPORT_USER_TEST" -> AZU_ORBIT_FABRIC_AIDE_0094185_REPORT_USER_TEST | L10: =TRIM(RBAC!B4) & " " & TRIM(RBAC!B5) & " Group who will VIEW REPORTS in ORBIT Fabric. Note: RESTRICTED ACCESS." -> AIDE_0094185 Intelligent Auth Accel Group who will VIEW REPORTS in ORBIT Fabric. Note: RESTRICTED ACCESS. | M10: =RBAC!B25 -> 000600448 | N10: =RBAC!F4 -> 001016307 | O10: =RBAC!H4 -> 001939347 | P10: User
F11: IT Report | G11: Report Developer | H11: =RBAC!C26 -> vkong | I11: =RBAC!C27 -> jjorge6 | J11: =IF(RBAC!B12="N", "OPTIONAL", 3) -> 3 | K11: ="AZU_ORBIT_FABRIC_" &TRIM(RBAC!B4)&"_REPORT_DEVELOPER_TEST" -> AZU_ORBIT_FABRIC_AIDE_0094185_REPORT_DEVELOPER_TEST | L11: =TRIM(RBAC!B4) & " " & TRIM(RBAC!B5) & " Group who will PUBLISH REPORTS in ORBIT Fabric. Note: RESTRICTED ACCESS." -> AIDE_0094185 Intelligent Auth Accel Group who will PUBLISH REPORTS in ORBIT Fabric. Note: RESTRICTED ACCESS. | M11: =RBAC!B25 -> 000600448 | N11: =RBAC!B26 -> 000714540 | O11: =RBAC!B27 -> 001351306 | P11: Contributor
F12: IT Fabric | G12: Fabric Developer | H12: =RBAC!C28 -> vkong | I12: =RBAC!C29 -> mcruz39 | J12: =IF(RBAC!B12="N", "OPTIONAL", "3F") -> 3F | K12: ="AZU_ORBIT_FABRIC_" &TRIM(RBAC!B4)&"_FABRIC_DEVELOPER_TEST" -> AZU_ORBIT_FABRIC_AIDE_0094185_FABRIC_DEVELOPER_TEST | L12: =TRIM(RBAC!B4) & " " & TRIM(RBAC!B5) & " Group who will DEVELOP FABRIC ITEMS in ORBIT Fabric. Note: RESTRICTED ACCESS." -> AIDE_0094185 Intelligent Auth Accel Group who will DEVELOP FABRIC ITEMS in ORBIT Fabric. Note: RESTRICTED ACCESS. | M12: =RBAC!B25 -> 000600448 | N12: =RBAC!B28 -> 000714540 | O12: =RBAC!B29 -> 000750692 | P12: Contributor
J13: =IF(AND(RBAC!B13="Y", RBAC!D6<>"ROLE1", RBAC!D6<>""), "4", "") | K13: =IF(AND(RBAC!B13="Y", RBAC!D6<>"ROLE1", RBAC!D6<>""), "AZU_ORBIT_FABRIC_" & RBAC!B4 & "_REPORT_" & SUBSTITUTE(UPPER(RBAC!D6), " ", "_") & "_PROD", "") | L13: =IF(AND(RBAC!B13="Y", RBAC!D6<>"ROLE1", RBAC!D6<>""), RBAC!B4 & " " & RBAC!B5 & " " & RBAC!E6 & " Group who will VIEW REPORTS in ORBIT Fabric.", "") | M13: =IF(AND(RBAC!B13="Y", RBAC!D6<>"ROLE1", RBAC!D6<>""), RBAC!B25, "") | N13: =IF(AND(RBAC!B13="Y", RBAC!D6<>"ROLE1", RBAC!D6<>""), RBAC!F6, "") | O13: =IF(AND(RBAC!B13="Y", RBAC!D6<>"ROLE1", RBAC!D6<>""), RBAC!H6, "")
J14: =IF(AND(RBAC!B13="Y", RBAC!D7<>"ROLE2", RBAC!D7<>""), "4", "") | K14: =IF(AND(RBAC!B13="Y", RBAC!D7<>"ROLE2", RBAC!D7<>""), "AZU_ORBIT_FABRIC_" & RBAC!B4 & "_REPORT_" & SUBSTITUTE(UPPER(RBAC!D7), " ", "_") & "_PROD", "") | L14: =IF(AND(RBAC!B13="Y", RBAC!D7<>"ROLE2", RBAC!D7<>""), RBAC!B4 & " " & RBAC!B5 & " " & RBAC!E7 & " Group who will VIEW REPORTS in ORBIT Fabric.", "") | M14: =IF(AND(RBAC!B13="Y", RBAC!D7<>"ROLE2", RBAC!D7<>""), RBAC!B25, "") | N14: =IF(AND(RBAC!B13="Y", RBAC!D7<>"ROLE2", RBAC!D7<>""), RBAC!F7, "") | O14: =IF(AND(RBAC!B13="Y", RBAC!D7<>"ROLE2", RBAC!D7<>""), RBAC!H7, "")
J15: =IF(AND(RBAC!B13="Y", RBAC!D8<>"ROLE3", RBAC!D8<>""), "4", "") | K15: =IF(AND(RBAC!B13="Y", RBAC!D8<>"ROLE3", RBAC!D8<>""), "AZU_ORBIT_FABRIC_" & RBAC!B4 & "_REPORT_" & SUBSTITUTE(UPPER(RBAC!D8), " ", "_") & "_PROD", "") | L15: =IF(AND(RBAC!B13="Y", RBAC!D8<>"ROLE3", RBAC!D8<>""), RBAC!B4 & " " & RBAC!B5 & " " & RBAC!E8 & " Group who will VIEW REPORTS in ORBIT Fabric.", "") | M15: =IF(AND(RBAC!B13="Y", RBAC!D8<>"ROLE3", RBAC!D8<>""), RBAC!B25, "") | N15: =IF(AND(RBAC!B13="Y", RBAC!D8<>"ROLE3", RBAC!D8<>""), RBAC!F8, "") | O15: =IF(AND(RBAC!B13="Y", RBAC!D8<>"ROLE3", RBAC!D8<>""), RBAC!H8, "")
J16: =IF(AND(RBAC!B13="Y", RBAC!D9<>"ROLE4", RBAC!D9<>""), "4", "") | K16: =IF(AND(RBAC!B13="Y", RBAC!D9<>"ROLE4", RBAC!D9<>""), "AZU_ORBIT_FABRIC_" & RBAC!B4 & "_REPORT_" & SUBSTITUTE(UPPER(RBAC!D9), " ", "_") & "_PROD", "") | L16: =IF(AND(RBAC!B13="Y", RBAC!D9<>"ROLE4", RBAC!D9<>""), RBAC!B4 & " " & RBAC!B5 & " " & RBAC!E9 & " Group who will VIEW REPORTS in ORBIT Fabric.", "") | M16: =IF(AND(RBAC!B13="Y", RBAC!D9<>"ROLE4", RBAC!D9<>""), RBAC!B25, "") | N16: =IF(AND(RBAC!B13="Y", RBAC!D9<>"ROLE4", RBAC!D9<>""), RBAC!F9, "") | O16: =IF(AND(RBAC!B13="Y", RBAC!D9<>"ROLE4", RBAC!D9<>""), RBAC!H9, "")
J17: =IF(AND(RBAC!B13="Y", RBAC!D10<>"ROLE5", RBAC!D10<>""), "4", "") | K17: =IF(AND(RBAC!B13="Y", RBAC!D10<>"ROLE5", RBAC!D10<>""), "AZU_ORBIT_FABRIC_" & RBAC!B4 & "_REPORT_" & SUBSTITUTE(UPPER(RBAC!D10), " ", "_") & "_PROD", "") | L17: =IF(AND(RBAC!B13="Y", RBAC!D10<>"ROLE5", RBAC!D10<>""), RBAC!B4 & " " & RBAC!B5 & " " & RBAC!E10 & " Group who will VIEW REPORTS in ORBIT Fabric.", "") | M17: =IF(AND(RBAC!B13="Y", RBAC!D10<>"ROLE5", RBAC!D10<>""), RBAC!B25, "") | N17: =IF(AND(RBAC!B13="Y", RBAC!D10<>"ROLE5", RBAC!D10<>""), RBAC!F10, "") | O17: =IF(AND(RBAC!B13="Y", RBAC!D10<>"ROLE5", RBAC!D10<>""), RBAC!H10, "")
J18: =IF(AND(RBAC!B13="Y", RBAC!D11<>"ROLE6", RBAC!D11<>""), "4", "") | K18: =IF(AND(RBAC!B13="Y", RBAC!D11<>"ROLE6", RBAC!D11<>""), "AZU_ORBIT_FABRIC_" & RBAC!B4 & "_REPORT_" & SUBSTITUTE(UPPER(RBAC!D11), " ", "_") & "_PROD", "") | L18: =IF(AND(RBAC!B13="Y", RBAC!D11<>"ROLE6", RBAC!D11<>""), RBAC!B4 & " " & RBAC!B5 & " " & RBAC!E11 & " Group who will VIEW REPORTS in ORBIT Fabric.", "") | M18: =IF(AND(RBAC!B13="Y", RBAC!D11<>"ROLE6", RBAC!D11<>""), RBAC!B25, "") | N18: =IF(AND(RBAC!B13="Y", RBAC!D11<>"ROLE6", RBAC!D11<>""), RBAC!F11, "") | O18: =IF(AND(RBAC!B13="Y", RBAC!D11<>"ROLE6", RBAC!D11<>""), RBAC!H11, "")
J19: =IF(AND(RBAC!B13="Y", RBAC!D12<>"ROLE7", RBAC!D12<>""), "4", "") | K19: =IF(AND(RBAC!B13="Y", RBAC!D12<>"ROLE7", RBAC!D12<>""), "AZU_ORBIT_FABRIC_" & RBAC!B4 & "_REPORT_" & SUBSTITUTE(UPPER(RBAC!D12), " ", "_") & "_PROD", "") | L19: =IF(AND(RBAC!B13="Y", RBAC!D12<>"ROLE7", RBAC!D12<>""), RBAC!B4 & " " & RBAC!B5 & " " & RBAC!E12 & " Group who will VIEW REPORTS in ORBIT Fabric.", "") | M19: =IF(AND(RBAC!B13="Y", RBAC!D12<>"ROLE7", RBAC!D12<>""), RBAC!B25, "") | N19: =IF(AND(RBAC!B13="Y", RBAC!D12<>"ROLE7", RBAC!D12<>""), RBAC!F12, "") | O19: =IF(AND(RBAC!B13="Y", RBAC!D12<>"ROLE7", RBAC!D12<>""), RBAC!H12, "")
J20: =IF(AND(RBAC!B13="Y", RBAC!D13<>"ROLE8", RBAC!D13<>""), "4", "") | K20: =IF(AND(RBAC!B13="Y", RBAC!D13<>"ROLE8", RBAC!D13<>""), "AZU_ORBIT_FABRIC_" & RBAC!B4 & "_REPORT_" & SUBSTITUTE(UPPER(RBAC!D13), " ", "_") & "_PROD", "") | L20: =IF(AND(RBAC!B13="Y", RBAC!D13<>"ROLE8", RBAC!D13<>""), RBAC!B4 & " " & RBAC!B5 & " " & RBAC!E13 & " Group who will VIEW REPORTS in ORBIT Fabric.", "") | M20: =IF(AND(RBAC!B13="Y", RBAC!D13<>"ROLE8", RBAC!D13<>""), RBAC!B25, "") | N20: =IF(AND(RBAC!B13="Y", RBAC!D13<>"ROLE8", RBAC!D13<>""), RBAC!F13, "") | O20: =IF(AND(RBAC!B13="Y", RBAC!D13<>"ROLE8", RBAC!D13<>""), RBAC!H13, "")
J21: =IF(AND(RBAC!B13="Y", RBAC!D14<>"ROLE9", RBAC!D14<>""), "4", "") | K21: =IF(AND(RBAC!B13="Y", RBAC!D14<>"ROLE9", RBAC!D14<>""), "AZU_ORBIT_FABRIC_" & RBAC!B4 & "_REPORT_" & SUBSTITUTE(UPPER(RBAC!D14), " ", "_") & "_PROD", "") | L21: =IF(AND(RBAC!B13="Y", RBAC!D14<>"ROLE9", RBAC!D14<>""), RBAC!B4 & " " & RBAC!B5 & " " & RBAC!E14 & " Group who will VIEW REPORTS in ORBIT Fabric.", "") | M21: =IF(AND(RBAC!B13="Y", RBAC!D14<>"ROLE9", RBAC!D14<>""), RBAC!B25, "") | N21: =IF(AND(RBAC!B13="Y", RBAC!D14<>"ROLE9", RBAC!D14<>""), RBAC!F14, "") | O21: =IF(AND(RBAC!B13="Y", RBAC!D14<>"ROLE9", RBAC!D14<>""), RBAC!H14, "")
J22: =IF(AND(RBAC!B13="Y", RBAC!D15<>"ROLE10", RBAC!D15<>""), "4", "") | K22: =IF(AND(RBAC!B13="Y", RBAC!D15<>"ROLE10", RBAC!D15<>""), "AZU_ORBIT_FABRIC_" & RBAC!B4 & "_REPORT_" & SUBSTITUTE(UPPER(RBAC!D15), " ", "_") & "_PROD", "") | L22: =IF(AND(RBAC!B13="Y", RBAC!D15<>"ROLE10", RBAC!D15<>""), RBAC!B4 & " " & RBAC!B5 & " " & RBAC!E15 & " Group who will VIEW REPORTS in ORBIT Fabric.", "") | M22: =IF(AND(RBAC!B13="Y", RBAC!D15<>"ROLE10", RBAC!D15<>""), RBAC!B25, "") | N22: =IF(AND(RBAC!B13="Y", RBAC!D15<>"ROLE10", RBAC!D15<>""), RBAC!F15, "") | O22: =IF(AND(RBAC!B13="Y", RBAC!D15<>"ROLE10", RBAC!D15<>""), RBAC!H15, "")
J23: =IF(AND(RBAC!B13="Y", RBAC!D16<>"ROLE11", RBAC!D16<>""), "4", "") | K23: =IF(AND(RBAC!B13="Y", RBAC!D16<>"ROLE11", RBAC!D16<>""), "AZU_ORBIT_FABRIC_" & RBAC!B4 & "_REPORT_" & SUBSTITUTE(UPPER(RBAC!D16), " ", "_") & "_PROD", "") | L23: =IF(AND(RBAC!B13="Y", RBAC!D16<>"ROLE11", RBAC!D16<>""), RBAC!B4 & " " & RBAC!B5 & " " & RBAC!E16 & " Group who will VIEW REPORTS in ORBIT Fabric.", "") | M23: =IF(AND(RBAC!B13="Y", RBAC!D16<>"ROLE11", RBAC!D16<>""), RBAC!B25, "") | N23: =IF(AND(RBAC!B13="Y", RBAC!D16<>"ROLE11", RBAC!D16<>""), RBAC!F16, "") | O23: =IF(AND(RBAC!B13="Y", RBAC!D16<>"ROLE11", RBAC!D16<>""), RBAC!H16, "")

Sheet ORBIT_Only_Workspaces
A1: Workspace
A2: Workspace ID | B2: Workspace Name | C2: Workspace Description
A3: 1 | B3: =RBAC!B4 & " " & RBAC!B5& " [Prod]" -> AIDE_0094185 Intelligent Auth Accel [Prod] | C3: ="Description: "&RBAC!B6 & CHAR(13) & "RITM:"&RBAC!B3 & CHAR(13) & "Created Date: " & TEXT(TODAY(), "MM/DD/YYYY") & CHAR(13) & "ServiceNow Group: " &RBAC!B7 & CHAR(13) & "Email Distribution: " & RBAC!B8 -> Description: Power BI Workspace for Digital Prior Authorization_x000D_RITM:RITM7831632_x000D_Created Date: 02/16/2026_x000D_ServiceNow Group: AIDE_0094185_IntelligentAuthAccel_PowerBI_x000D_Email Distribution: DPA_PowerBI_Management
A4: 1F | B4: =RBAC!B4 & " " & RBAC!B5& " Fabric [Prod] " -> AIDE_0094185 Intelligent Auth Accel Fabric [Prod] | C4: ="Description: "&RBAC!B6 & CHAR(13) & "RITM:"&RBAC!B3 & CHAR(13) & "Created Date: " & TEXT(TODAY(), "MM/DD/YYYY") & CHAR(13) & "ServiceNow Group: " &RBAC!B7 & CHAR(13) & "Email Distribution: " & RBAC!B8 -> Description: Power BI Workspace for Digital Prior Authorization_x000D_RITM:RITM7831632_x000D_Created Date: 02/16/2026_x000D_ServiceNow Group: AIDE_0094185_IntelligentAuthAccel_PowerBI_x000D_Email Distribution: DPA_PowerBI_Management
A5: 2 | B5: =RBAC!B4 & " " & RBAC!B5& " [Dev]" -> AIDE_0094185 Intelligent Auth Accel [Dev] | C5: ="Description: "&RBAC!B6 & CHAR(13) & "RITM:"&RBAC!B3 & CHAR(13) & "Created Date: " & TEXT(TODAY(), "MM/DD/YYYY") & CHAR(13) & "ServiceNow Group: " &RBAC!B7 & CHAR(13) & "Email Distribution: " & RBAC!B8 -> Description: Power BI Workspace for Digital Prior Authorization_x000D_RITM:RITM7831632_x000D_Created Date: 02/16/2026_x000D_ServiceNow Group: AIDE_0094185_IntelligentAuthAccel_PowerBI_x000D_Email Distribution: DPA_PowerBI_Management
A6: 2F | B6: =RBAC!B4 & " " & RBAC!B5& " Fabric [Dev]" -> AIDE_0094185 Intelligent Auth Accel Fabric [Dev] | C6: ="Description: "&RBAC!B6 & CHAR(13) & "RITM:"&RBAC!B3 & CHAR(13) & "Created Date: " & TEXT(TODAY(), "MM/DD/YYYY") & CHAR(13) & "ServiceNow Group: " &RBAC!B7 & CHAR(13) & "Email Distribution: " & RBAC!B8 -> Description: Power BI Workspace for Digital Prior Authorization_x000D_RITM:RITM7831632_x000D_Created Date: 02/16/2026_x000D_ServiceNow Group: AIDE_0094185_IntelligentAuthAccel_PowerBI_x000D_Email Distribution: DPA_PowerBI_Management
A7: =IF(RBAC!B12="N", "OPTIONAL", 3) -> 3 | B7: =RBAC!B4 & " " & RBAC!B5& " [Test]" -> AIDE_0094185 Intelligent Auth Accel [Test] | C7: ="Description: "&RBAC!B6 & CHAR(13) & "RITM:"&RBAC!B3 & CHAR(13) & "Created Date: " & TEXT(TODAY(), "MM/DD/YYYY") & CHAR(13) & "ServiceNow Group: " &RBAC!B7 & CHAR(13) & "Email Distribution: " & RBAC!B8 -> Description: Power BI Workspace for Digital Prior Authorization_x000D_RITM:RITM7831632_x000D_Created Date: 02/16/2026_x000D_ServiceNow Group: AIDE_0094185_IntelligentAuthAccel_PowerBI_x000D_Email Distribution: DPA_PowerBI_Management
A8: =IF(RBAC!B12="N", "OPTIONAL", "3F") -> 3F | B8: =RBAC!B4 & " " & RBAC!B5& " Fabric [Test]" -> AIDE_0094185 Intelligent Auth Accel Fabric [Test] | C8: ="Description: "&RBAC!B6 & CHAR(13) & "RITM:"&RBAC!B3 & CHAR(13) & "Created Date: " & TEXT(TODAY(), "MM/DD/YYYY") & CHAR(13) & "ServiceNow Group: " &RBAC!B7 & CHAR(13) & "Email Distribution: " & RBAC!B8 -> Description: Power BI Workspace for Digital Prior Authorization_x000D_RITM:RITM7831632_x000D_Created Date: 02/16/2026_x000D_ServiceNow Group: AIDE_0094185_IntelligentAuthAccel_PowerBI_x000D_Email Distribution: DPA_PowerBI_Management
